group,scenario,seed,robot_count,algorithm,status,valid,vertex_conflicts,edge_swap_conflicts,elapsed,expanded,generated,attempt_count,selected_order,limits,attempts,sum_cost,makespan,moves,waits
aggregate,shelves n=2 seed=11,11,2,independent,success,True,0,0,7.312500383704901e-05,32,47,0,[],"{""horizons"": [40, 80], ""expansion_limit"": 30000, ""permutations"": 3}",[],12,10,12,0
aggregate,shelves n=2 seed=11,11,2,fixed,success,True,0,0,0.00015304199769161642,76,161,1,"[""R1"", ""R2""]","{""horizons"": [40, 80], ""expansion_limit"": 30000, ""permutations"": 3}","[{""order"": [""R1"", ""R2""], ""horizon"": 40, ""status"": ""success"", ""expanded"": 44, ""generated"": 114, ""elapsed"": 0.00010437500895932317}]",12,10,12,0
aggregate,shelves n=2 seed=11,11,2,cooperative,success,True,0,0,0.00015320797683671117,76,161,1,"[""R1"", ""R2""]","{""horizons"": [40, 80], ""expansion_limit"": 30000, ""permutations"": 3}","[{""order"": [""R1"", ""R2""], ""horizon"": 40, ""status"": ""success"", ""expanded"": 44, ""generated"": 114, ""elapsed"": 9.40839818213135e-05}]",12,10,12,0
aggregate,shelves n=2 seed=22,22,2,independent,success,True,0,0,6.987500819377601e-05,52,77,0,[],"{""horizons"": [40, 80], ""expansion_limit"": 30000, ""permutations"": 3}",[],23,13,23,0
aggregate,shelves n=2 seed=22,22,2,fixed,success,True,0,0,0.00019354201504029334,104,250,1,"[""R1"", ""R2""]","{""horizons"": [40, 80], ""expansion_limit"": 30000, ""permutations"": 3}","[{""order"": [""R1"", ""R2""], ""horizon"": 40, ""status"": ""success"", ""expanded"": 52, ""generated"": 173, ""elapsed"": 0.00012433400843292475}]",23,13,23,0
aggregate,shelves n=2 seed=22,22,2,cooperative,success,True,0,0,0.0001970830198843032,104,250,1,"[""R2"", ""R1""]","{""horizons"": [40, 80], ""expansion_limit"": 30000, ""permutations"": 3}","[{""order"": [""R2"", ""R1""], ""horizon"": 40, ""status"": ""success"", ""expanded"": 52, ""generated"": 173, ""elapsed"": 0.00011862500105053186}]",23,13,23,0
aggregate,shelves n=2 seed=33,33,2,independent,success,True,0,0,6.554200081154704e-05,43,81,0,[],"{""horizons"": [40, 80], ""expansion_limit"": 30000, ""permutations"": 3}",[],29,15,29,0
aggregate,shelves n=2 seed=33,33,2,fixed,success,True,0,0,0.0001807080116122961,90,243,1,"[""R1"", ""R2""]","{""horizons"": [40, 80], ""expansion_limit"": 30000, ""permutations"": 3}","[{""order"": [""R1"", ""R2""], ""horizon"": 40, ""status"": ""success"", ""expanded"": 47, ""generated"": 162, ""elapsed"": 0.00011662501492537558}]",29,15,29,0
aggregate,shelves n=2 seed=33,33,2,cooperative,success,True,0,0,0.0001979160006158054,90,243,1,"[""R1"", ""R2""]","{""horizons"": [40, 80], ""expansion_limit"": 30000, ""permutations"": 3}","[{""order"": [""R1"", ""R2""], ""horizon"": 40, ""status"": ""success"", ""expanded"": 47, ""generated"": 162, ""elapsed"": 0.00011095800437033176}]",29,15,29,0
aggregate,shelves n=2 seed=44,44,2,independent,success,True,0,0,4.283300950191915e-05,29,49,0,[],"{""horizons"": [40, 80], ""expansion_limit"": 30000, ""permutations"": 3}",[],16,9,16,0
aggregate,shelves n=2 seed=44,44,2,fixed,success,True,0,0,0.00010795798152685165,58,148,1,"[""R1"", ""R2""]","{""horizons"": [40, 80], ""expansion_limit"": 30000, ""permutations"": 3}","[{""order"": [""R1"", ""R2""], ""horizon"": 40, ""status"": ""success"", ""expanded"": 29, ""generated"": 99, ""elapsed"": 6.645798566751182e-05}]",16,9,16,0
aggregate,shelves n=2 seed=44,44,2,cooperative,success,True,0,0,0.00011587500921450555,58,148,1,"[""R1"", ""R2""]","{""horizons"": [40, 80], ""expansion_limit"": 30000, ""permutations"": 3}","[{""order"": [""R1"", ""R2""], ""horizon"": 40, ""status"": ""success"", ""expanded"": 29, ""generated"": 99, ""elapsed"": 6.550000398419797e-05}]",16,9,16,0
aggregate,shelves n=2 seed=55,55,2,independent,success,True,0,0,0.0001573750050738454,128,197,0,[],"{""horizons"": [40, 80], ""expansion_limit"": 30000, ""permutations"": 3}",[],43,28,43,0
aggregate,shelves n=2 seed=55,55,2,fixed,success,True,0,0,0.000497667002491653,256,643,1,"[""R1"", ""R2""]","{""horizons"": [40, 80], ""expansion_limit"": 30000, ""permutations"": 3}","[{""order"": [""R1"", ""R2""], ""horizon"": 40, ""status"": ""success"", ""expanded"": 128, ""generated"": 446, ""elapsed"": 0.0003384589799679816}]",43,28,43,0
aggregate,shelves n=2 seed=55,55,2,cooperative,success,True,0,0,0.0004755420086439699,256,643,1,"[""R2"", ""R1""]","{""horizons"": [40, 80], ""expansion_limit"": 30000, ""permutations"": 3}","[{""order"": [""R2"", ""R1""], ""horizon"": 40, ""status"": ""success"", ""expanded"": 128, ""generated"": 446, ""elapsed"": 0.0002922910207416862}]",43,28,43,0
aggregate,shelves n=4 seed=11,11,4,independent,success,True,0,0,9.920800221152604e-05,63,87,0,[],"{""horizons"": [40, 80], ""expansion_limit"": 30000, ""permutations"": 3}",[],24,13,24,0
aggregate,shelves n=4 seed=11,11,4,fixed,success,True,0,0,0.00022720900597050786,122,273,1,"[""R1"", ""R2"", ""R3"", ""R4""]","{""horizons"": [40, 80], ""expansion_limit"": 30000, ""permutations"": 3}","[{""order"": [""R1"", ""R2"", ""R3"", ""R4""], ""horizon"": 40, ""status"": ""success"", ""expanded"": 59, ""generated"": 186, ""elapsed"": 0.00013287499314174056}]",24,13,24,0
aggregate,shelves n=4 seed=11,11,4,cooperative,success,True,0,0,0.00024537500576116145,126,284,1,"[""R2"", ""R1"", ""R3"", ""R4""]","{""horizons"": [40, 80], ""expansion_limit"": 30000, ""permutations"": 3}","[{""order"": [""R2"", ""R1"", ""R3"", ""R4""], ""horizon"": 40, ""status"": ""success"", ""expanded"": 63, ""generated"": 197, ""elapsed"": 0.00013925001258030534}]",24,13,24,0
aggregate,shelves n=4 seed=22,22,4,independent,success,True,0,0,0.00013437500456348062,80,129,0,[],"{""horizons"": [40, 80], ""expansion_limit"": 30000, ""permutations"": 3}",[],43,13,43,0
aggregate,shelves n=4 seed=22,22,4,fixed,success,True,0,0,0.00031883298652246594,168,410,1,"[""R1"", ""R2"", ""R3"", ""R4""]","{""horizons"": [40, 80], ""expansion_limit"": 30000, ""permutations"": 3}","[{""order"": [""R1"", ""R2"", ""R3"", ""R4""], ""horizon"": 40, ""status"": ""success"", ""expanded"": 88, ""generated"": 281, ""elapsed"": 0.00019837499712593853}]",43,13,43,0
aggregate,shelves n=4 seed=22,22,4,cooperative,success,True,0,0,0.00033066701143980026,168,410,1,"[""R3"", ""R1"", ""R4"", ""R2""]","{""horizons"": [40, 80], ""expansion_limit"": 30000, ""permutations"": 3}","[{""order"": [""R3"", ""R1"", ""R4"", ""R2""], ""horizon"": 40, ""status"": ""success"", ""expanded"": 88, ""generated"": 281, ""elapsed"": 0.00019870800315402448}]",43,13,43,0
aggregate,shelves n=4 seed=33,33,4,independent,success,True,0,0,0.0001669999910518527,116,183,0,[],"{""horizons"": [40, 80], ""expansion_limit"": 30000, ""permutations"": 3}",[],51,17,51,0
aggregate,shelves n=4 seed=33,33,4,fixed,success,True,0,0,0.00044666699250228703,232,574,1,"[""R1"", ""R2"", ""R3"", ""R4""]","{""horizons"": [40, 80], ""expansion_limit"": 30000, ""permutations"": 3}","[{""order"": [""R1"", ""R2"", ""R3"", ""R4""], ""horizon"": 40, ""status"": ""success"", ""expanded"": 116, ""generated"": 391, ""elapsed"": 0.0002818749926518649}]",51,17,51,0
aggregate,shelves n=4 seed=33,33,4,cooperative,success,True,0,0,0.0004726659972220659,232,577,1,"[""R2"", ""R4"", ""R3"", ""R1""]","{""horizons"": [40, 80], ""expansion_limit"": 30000, ""permutations"": 3}","[{""order"": [""R2"", ""R4"", ""R3"", ""R1""], ""horizon"": 40, ""status"": ""success"", ""expanded"": 116, ""generated"": 394, ""elapsed"": 0.0002916249795816839}]",51,17,51,0
aggregate,shelves n=4 seed=44,44,4,independent,unsafe,False,2,0,0.0001573750050738454,107,159,0,[],"{""horizons"": [40, 80], ""expansion_limit"": 30000, ""permutations"": 3}",[],46,16,46,0
aggregate,shelves n=4 seed=44,44,4,fixed,success,True,0,0,0.0010595410130918026,560,1020,1,"[""R1"", ""R2"", ""R3"", ""R4""]","{""horizons"": [40, 80], ""expansion_limit"": 30000, ""permutations"": 3}","[{""order"": [""R1"", ""R2"", ""R3"", ""R4""], ""horizon"": 40, ""status"": ""success"", ""expanded"": 453, ""generated"": 861, ""elapsed"": 0.0009051249944604933}]",56,16,50,6
aggregate,shelves n=4 seed=44,44,4,cooperative,success,True,0,0,0.0010266670142300427,544,988,1,"[""R2"", ""R1"", ""R4"", ""R3""]","{""horizons"": [40, 80], ""expansion_limit"": 30000, ""permutations"": 3}","[{""order"": [""R2"", ""R1"", ""R4"", ""R3""], ""horizon"": 40, ""status"": ""success"", ""expanded"": 437, ""generated"": 829, ""elapsed"": 0.0008594999962951988}]",56,16,50,6
aggregate,shelves n=4 seed=55,55,4,independent,success,True,0,0,0.0001833749993238598,119,184,0,[],"{""horizons"": [40, 80], ""expansion_limit"": 30000, ""permutations"": 3}",[],49,23,49,0
aggregate,shelves n=4 seed=55,55,4,fixed,success,True,0,0,0.0004578340158332139,238,590,1,"[""R1"", ""R2"", ""R3"", ""R4""]","{""horizons"": [40, 80], ""expansion_limit"": 30000, ""permutations"": 3}","[{""order"": [""R1"", ""R2"", ""R3"", ""R4""], ""horizon"": 40, ""status"": ""success"", ""expanded"": 119, ""generated"": 406, ""elapsed"": 0.00027874999796040356}]",49,23,49,0
aggregate,shelves n=4 seed=55,55,4,cooperative,success,True,0,0,0.00046087498776614666,238,590,1,"[""R2"", ""R3"", ""R1"", ""R4""]","{""horizons"": [40, 80], ""expansion_limit"": 30000, ""permutations"": 3}","[{""order"": [""R2"", ""R3"", ""R1"", ""R4""], ""horizon"": 40, ""status"": ""success"", ""expanded"": 119, ""generated"": 406, ""elapsed"": 0.00027108401991426945}]",49,23,49,0
aggregate,shelves n=6 seed=11,11,6,independent,unsafe,False,1,0,0.00018508301582187414,102,162,0,[],"{""horizons"": [40, 80], ""expansion_limit"": 30000, ""permutations"": 3}",[],61,15,61,0
aggregate,shelves n=6 seed=11,11,6,fixed,success,True,0,0,0.00042758299969136715,209,497,1,"[""R1"", ""R2"", ""R3"", ""R4"", ""R5"", ""R6""]","{""horizons"": [40, 80], ""expansion_limit"": 30000, ""permutations"": 3}","[{""order"": [""R1"", ""R2"", ""R3"", ""R4"", ""R5"", ""R6""], ""horizon"": 40, ""status"": ""success"", ""expanded"": 107, ""generated"": 335, ""elapsed"": 0.0002414170012343675}]",61,15,61,0
aggregate,shelves n=6 seed=11,11,6,cooperative,success,True,0,0,0.0004645420121960342,224,535,1,"[""R4"", ""R3"", ""R5"", ""R6"", ""R1"", ""R2""]","{""horizons"": [40, 80], ""expansion_limit"": 30000, ""permutations"": 3}","[{""order"": [""R4"", ""R3"", ""R5"", ""R6"", ""R1"", ""R2""], ""horizon"": 40, ""status"": ""success"", ""expanded"": 122, ""generated"": 373, ""elapsed"": 0.00026904200785793364}]",65,15,65,0
aggregate,shelves n=6 seed=22,22,6,independent,success,True,0,0,0.00033149999217130244,228,331,0,[],"{""horizons"": [40, 80], ""expansion_limit"": 30000, ""permutations"": 3}",[],90,21,90,0
aggregate,shelves n=6 seed=22,22,6,fixed,success,True,0,0,0.0008857079956214875,456,1092,1,"[""R1"", ""R2"", ""R3"", ""R4"", ""R5"", ""R6""]","{""horizons"": [40, 80], ""expansion_limit"": 30000, ""permutations"": 3}","[{""order"": [""R1"", ""R2"", ""R3"", ""R4"", ""R5"", ""R6""], ""horizon"": 40, ""status"": ""success"", ""expanded"": 228, ""generated"": 761, ""elapsed"": 0.0005404590046964586}]",90,21,90,0
aggregate,shelves n=6 seed=22,22,6,cooperative,success,True,0,0,0.0008877080108504742,456,1090,1,"[""R1"", ""R3"", ""R6"", ""R5"", ""R4"", ""R2""]","{""horizons"": [40, 80], ""expansion_limit"": 30000, ""permutations"": 3}","[{""order"": [""R1"", ""R3"", ""R6"", ""R5"", ""R4"", ""R2""], ""horizon"": 40, ""status"": ""success"", ""expanded"": 228, ""generated"": 759, ""elapsed"": 0.0005423749971669167}]",90,21,90,0
aggregate,shelves n=6 seed=33,33,6,independent,unsafe,False,0,1,0.0002437919902149588,159,237,0,[],"{""horizons"": [40, 80], ""expansion_limit"": 30000, ""permutations"": 3}",[],68,16,68,0
aggregate,shelves n=6 seed=33,33,6,fixed,success,True,0,0,0.0006972079863771796,355,822,1,"[""R1"", ""R2"", ""R3"", ""R4"", ""R5"", ""R6""]","{""horizons"": [40, 80], ""expansion_limit"": 30000, ""permutations"": 3}","[{""order"": [""R1"", ""R2"", ""R3"", ""R4"", ""R5"", ""R6""], ""horizon"": 40, ""status"": ""success"", ""expanded"": 196, ""generated"": 585, ""elapsed"": 0.0004486250109039247}]",70,18,70,0
aggregate,shelves n=6 seed=33,33,6,cooperative,success,True,0,0,0.0006120000034570694,317,755,1,"[""R3"", ""R4"", ""R1"", ""R5"", ""R6"", ""R2""]","{""horizons"": [40, 80], ""expansion_limit"": 30000, ""permutations"": 3}","[{""order"": [""R3"", ""R4"", ""R1"", ""R5"", ""R6"", ""R2""], ""horizon"": 40, ""status"": ""success"", ""expanded"": 158, ""generated"": 518, ""elapsed"": 0.0003585000231396407}]",68,16,68,0
aggregate,shelves n=6 seed=44,44,6,independent,unsafe,False,5,1,0.00037808300112374127,233,325,0,[],"{""horizons"": [40, 80], ""expansion_limit"": 30000, ""permutations"": 3}",[],86,21,86,0
aggregate,shelves n=6 seed=44,44,6,fixed,success,True,0,0,0.0009418750123586506,521,1113,1,"[""R1"", ""R2"", ""R3"", ""R4"", ""R5"", ""R6""]","{""horizons"": [40, 80], ""expansion_limit"": 30000, ""permutations"": 3}","[{""order"": [""R1"", ""R2"", ""R3"", ""R4"", ""R5"", ""R6""], ""horizon"": 40, ""status"": ""success"", ""expanded"": 288, ""generated"": 788, ""elapsed"": 0.0006072079995647073}]",90,21,88,2
aggregate,shelves n=6 seed=44,44,6,cooperative,success,True,0,0,0.001670500001637265,899,1702,1,"[""R4"", ""R5"", ""R6"", ""R1"", ""R2"", ""R3""]","{""horizons"": [40, 80], ""expansion_limit"": 30000, ""permutations"": 3}","[{""order"": [""R4"", ""R5"", ""R6"", ""R1"", ""R2"", ""R3""], ""horizon"": 40, ""status"": ""success"", ""expanded"": 666, ""generated"": 1377, ""elapsed"": 0.0013051660207565874}]",100,21,92,8
aggregate,shelves n=6 seed=55,55,6,independent,unsafe,False,1,0,0.00028887498774565756,160,246,0,[],"{""horizons"": [40, 80], ""expansion_limit"": 30000, ""permutations"": 3}",[],59,26,59,0
aggregate,shelves n=6 seed=55,55,6,fixed,success,True,0,0,0.0008939580002333969,428,944,1,"[""R1"", ""R2"", ""R3"", ""R4"", ""R5"", ""R6""]","{""horizons"": [40, 80], ""expansion_limit"": 30000, ""permutations"": 3}","[{""order"": [""R1"", ""R2"", ""R3"", ""R4"", ""R5"", ""R6""], ""horizon"": 40, ""status"": ""success"", ""expanded"": 268, ""generated"": 698, ""elapsed"": 0.0006047500064596534}]",66,26,61,5
aggregate,shelves n=6 seed=55,55,6,cooperative,success,True,0,0,0.0008797910122666508,428,945,1,"[""R2"", ""R4"", ""R6"", ""R3"", ""R1"", ""R5""]","{""horizons"": [40, 80], ""expansion_limit"": 30000, ""permutations"": 3}","[{""order"": [""R2"", ""R4"", ""R6"", ""R3"", ""R1"", ""R5""], ""horizon"": 40, ""status"": ""success"", ""expanded"": 268, ""generated"": 699, ""elapsed"": 0.0005677090084645897}]",66,26,61,5
aggregate,shelves n=8 seed=11,11,8,independent,unsafe,False,1,0,0.00036154198460280895,189,277,0,[],"{""horizons"": [40, 80], ""expansion_limit"": 30000, ""permutations"": 3}",[],87,21,87,0
aggregate,shelves n=8 seed=11,11,8,fixed,success,True,0,0,0.000823833019239828,387,883,1,"[""R1"", ""R2"", ""R3"", ""R4"", ""R5"", ""R6"", ""R7"", ""R8""]","{""horizons"": [40, 80], ""expansion_limit"": 30000, ""permutations"": 3}","[{""order"": [""R1"", ""R2"", ""R3"", ""R4"", ""R5"", ""R6"", ""R7"", ""R8""], ""horizon"": 40, ""status"": ""success"", ""expanded"": 198, ""generated"": 606, ""elapsed"": 0.0004619169922079891}]",88,21,87,1
aggregate,shelves n=8 seed=11,11,8,cooperative,success,True,0,0,0.0008248330268543214,390,897,1,"[""R6"", ""R2"", ""R3"", ""R5"", ""R1"", ""R4"", ""R8"", ""R7""]","{""horizons"": [40, 80], ""expansion_limit"": 30000, ""permutations"": 3}","[{""order"": [""R6"", ""R2"", ""R3"", ""R5"", ""R1"", ""R4"", ""R8"", ""R7""], ""horizon"": 40, ""status"": ""success"", ""expanded"": 201, ""generated"": 620, ""elapsed"": 0.0004453329893294722}]",88,21,87,1
aggregate,shelves n=8 seed=22,22,8,independent,unsafe,False,2,0,0.0006962500046938658,497,662,0,[],"{""horizons"": [40, 80], ""expansion_limit"": 30000, ""permutations"": 3}",[],139,26,139,0
aggregate,shelves n=8 seed=22,22,8,fixed,success,True,0,0,0.0034115829912479967,1815,3284,1,"[""R1"", ""R2"", ""R3"", ""R4"", ""R5"", ""R6"", ""R7"", ""R8""]","{""horizons"": [40, 80], ""expansion_limit"": 30000, ""permutations"": 3}","[{""order"": [""R1"", ""R2"", ""R3"", ""R4"", ""R5"", ""R6"", ""R7"", ""R8""], ""horizon"": 40, ""status"": ""success"", ""expanded"": 1318, ""generated"": 2622, ""elapsed"": 0.0026982499985024333}]",151,26,143,8
aggregate,shelves n=8 seed=22,22,8,cooperative,success,True,0,0,0.0032433340093120933,1776,3236,1,"[""R1"", ""R2"", ""R3"", ""R6"", ""R4"", ""R7"", ""R5"", ""R8""]","{""horizons"": [40, 80], ""expansion_limit"": 30000, ""permutations"": 3}","[{""order"": [""R1"", ""R2"", ""R3"", ""R6"", ""R4"", ""R7"", ""R5"", ""R8""], ""horizon"": 40, ""status"": ""success"", ""expanded"": 1279, ""generated"": 2574, ""elapsed"": 0.0025099589838646352}]",151,26,143,8
aggregate,shelves n=8 seed=33,33,8,independent,unsafe,False,5,0,0.0005379999929573387,324,452,0,[],"{""horizons"": [40, 80], ""expansion_limit"": 30000, ""permutations"": 3}",[],107,27,107,0
aggregate,shelves n=8 seed=33,33,8,fixed,success,True,0,0,0.0020185000030323863,1059,2010,1,"[""R1"", ""R2"", ""R3"", ""R4"", ""R5"", ""R6"", ""R7"", ""R8""]","{""horizons"": [40, 80], ""expansion_limit"": 30000, ""permutations"": 3}","[{""order"": [""R1"", ""R2"", ""R3"", ""R4"", ""R5"", ""R6"", ""R7"", ""R8""], ""horizon"": 40, ""status"": ""success"", ""expanded"": 735, ""generated"": 1558, ""elapsed"": 0.0014608750061597675}]",121,27,115,6
aggregate,shelves n=8 seed=33,33,8,cooperative,success,True,0,0,0.0021063749736640602,1071,2046,1,"[""R2"", ""R5"", ""R4"", ""R3"", ""R8"", ""R6"", ""R7"", ""R1""]","{""horizons"": [40, 80], ""expansion_limit"": 30000, ""permutations"": 3}","[{""order"": [""R2"", ""R5"", ""R4"", ""R3"", ""R8"", ""R6"", ""R7"", ""R1""], ""horizon"": 40, ""status"": ""success"", ""expanded"": 747, ""generated"": 1594, ""elapsed"": 0.0015262499800883234}]",121,27,115,6
aggregate,shelves n=8 seed=44,44,8,independent,unsafe,False,1,0,0.0004416659940034151,239,341,0,[],"{""horizons"": [40, 80], ""expansion_limit"": 30000, ""permutations"": 3}",[],97,24,97,0
aggregate,shelves n=8 seed=44,44,8,fixed,success,True,0,0,0.0009905420010909438,501,1140,1,"[""R1"", ""R2"", ""R3"", ""R4"", ""R5"", ""R6"", ""R7"", ""R8""]","{""horizons"": [40, 80], ""expansion_limit"": 30000, ""permutations"": 3}","[{""order"": [""R1"", ""R2"", ""R3"", ""R4"", ""R5"", ""R6"", ""R7"", ""R8""], ""horizon"": 40, ""status"": ""success"", ""expanded"": 262, ""generated"": 799, ""elapsed"": 0.0005696250009350479}]",99,24,99,0
aggregate,shelves n=8 seed=44,44,8,cooperative,success,True,0,0,0.0010103329841513187,488,1137,1,"[""R5"", ""R2"", ""R3"", ""R1"", ""R7"", ""R8"", ""R4"", ""R6""]","{""horizons"": [40, 80], ""expansion_limit"": 30000, ""permutations"": 3}","[{""order"": [""R5"", ""R2"", ""R3"", ""R1"", ""R7"", ""R8"", ""R4"", ""R6""], ""horizon"": 40, ""status"": ""success"", ""expanded"": 249, ""generated"": 796, ""elapsed"": 0.0005502499989233911}]",99,24,99,0
aggregate,shelves n=8 seed=55,55,8,independent,unsafe,False,1,1,0.00047658299445174634,258,414,0,[],"{""horizons"": [40, 80], ""expansion_limit"": 30000, ""permutations"": 3}",[],107,21,107,0
aggregate,shelves n=8 seed=55,55,8,fixed,success,True,0,0,0.0012519590090960264,616,1372,1,"[""R1"", ""R2"", ""R3"", ""R4"", ""R5"", ""R6"", ""R7"", ""R8""]","{""horizons"": [40, 80], ""expansion_limit"": 30000, ""permutations"": 3}","[{""order"": [""R1"", ""R2"", ""R3"", ""R4"", ""R5"", ""R6"", ""R7"", ""R8""], ""horizon"": 40, ""status"": ""success"", ""expanded"": 358, ""generated"": 958, ""elapsed"": 0.0007801659812685102}]",112,21,111,1
aggregate,shelves n=8 seed=55,55,8,cooperative,success,True,0,0,0.0013198330125305802,648,1477,1,"[""R3"", ""R5"", ""R2"", ""R4"", ""R1"", ""R8"", ""R7"", ""R6""]","{""horizons"": [40, 80], ""expansion_limit"": 30000, ""permutations"": 3}","[{""order"": [""R3"", ""R5"", ""R2"", ""R4"", ""R1"", ""R8"", ""R7"", ""R6""], ""horizon"": 40, ""status"": ""success"", ""expanded"": 390, ""generated"": 1063, ""elapsed"": 0.0008444169943686575}]",112,21,111,1
diagnostic,open intersection,42,2,independent,unsafe,False,1,0,1.4791992725804448e-05,6,14,0,[],"{""horizons"": [40, 80], ""expansion_limit"": 30000, ""permutations"": 3}",[],4,2,4,0
diagnostic,open intersection,42,2,fixed,success,True,0,0,3.9875012589618564e-05,13,36,1,"[""A"", ""B""]","{""horizons"": [40, 80], ""expansion_limit"": 30000, ""permutations"": 3}","[{""order"": [""A"", ""B""], ""horizon"": 40, ""status"": ""success"", ""expanded"": 7, ""generated"": 22, ""elapsed"": 1.9166996935382485e-05}]",5,3,4,1
diagnostic,open intersection,42,2,cooperative,success,True,0,0,5.270799738354981e-05,13,36,1,"[""A"", ""B""]","{""horizons"": [40, 80], ""expansion_limit"": 30000, ""permutations"": 3}","[{""order"": [""A"", ""B""], ""horizon"": 40, ""status"": ""success"", ""expanded"": 7, ""generated"": 22, ""elapsed"": 1.9083003280684352e-05}]",5,3,4,1
diagnostic,corridor with passing bay,42,2,independent,unsafe,False,1,0,2.2541993530467153e-05,10,12,0,[],"{""horizons"": [40, 80], ""expansion_limit"": 30000, ""permutations"": 3}",[],8,4,8,0
diagnostic,corridor with passing bay,42,2,fixed,bounded_search_exhausted,False,0,0,5.4459000239148736e-05,32,50,2,[],"{""horizons"": [40, 80], ""expansion_limit"": 30000, ""permutations"": 3}","[{""order"": [""A"", ""B""], ""horizon"": 40, ""status"": ""bounded_search_exhausted"", ""expanded"": 11, ""generated"": 19, ""elapsed"": 2.158299321308732e-05}, {""order"": [""A"", ""B""], ""horizon"": 80, ""status"": ""bounded_search_exhausted"", ""expanded"": 11, ""generated"": 19, ""elapsed"": 1.7915997887030244e-05}]",,,,
diagnostic,corridor with passing bay,42,2,cooperative,bounded_search_exhausted,False,0,0,9.466600022278726e-05,54,88,4,[],"{""horizons"": [40, 80], ""expansion_limit"": 30000, ""permutations"": 3}","[{""order"": [""A"", ""B""], ""horizon"": 40, ""status"": ""bounded_search_exhausted"", ""expanded"": 11, ""generated"": 19, ""elapsed"": 1.9291997887194157e-05}, {""order"": [""B"", ""A""], ""horizon"": 40, ""status"": ""bounded_search_exhausted"", ""expanded"": 11, ""generated"": 19, ""elapsed"": 1.77919864654541e-05}, {""order"": [""A"", ""B""], ""horizon"": 80, ""status"": ""bounded_search_exhausted"", ""expanded"": 11, ""generated"": 19, ""elapsed"": 1.6583013348281384e-05}, {""order"": [""B"", ""A""], ""horizon"": 80, ""status"": ""bounded_search_exhausted"", ""expanded"": 11, ""generated"": 19, ""elapsed"": 1.6332982340827584e-05}]",,,,
diagnostic,shelf warehouse,42,6,independent,unsafe,False,2,2,0.000244999973801896,110,236,0,[],"{""horizons"": [40, 80], ""expansion_limit"": 30000, ""permutations"": 3}",[],104,19,104,0
diagnostic,shelf warehouse,42,6,fixed,success,True,0,0,0.0007242919818963856,325,867,1,"[""R1"", ""R2"", ""R3"", ""R4"", ""R5"", ""R6""]","{""horizons"": [40, 80], ""expansion_limit"": 30000, ""permutations"": 3}","[{""order"": [""R1"", ""R2"", ""R3"", ""R4"", ""R5"", ""R6""], ""horizon"": 40, ""status"": ""success"", ""expanded"": 215, ""generated"": 631, ""elapsed"": 0.00047166700824163854}]",111,21,110,1
diagnostic,shelf warehouse,42,6,cooperative,success,True,0,0,0.0007077089976519346,323,861,1,"[""R1"", ""R2"", ""R5"", ""R6"", ""R3"", ""R4""]","{""horizons"": [40, 80], ""expansion_limit"": 30000, ""permutations"": 3}","[{""order"": [""R1"", ""R2"", ""R5"", ""R6"", ""R3"", ""R4""], ""horizon"": 40, ""status"": ""success"", ""expanded"": 213, ""generated"": 625, ""elapsed"": 0.00045175000559538603}]",111,21,110,1
diagnostic,goal blocks bay exit,42,2,independent,unsafe,False,1,0,1.620801049284637e-05,5,6,0,[],"{""horizons"": [40, 80], ""expansion_limit"": 30000, ""permutations"": 3}",[],3,2,3,0
diagnostic,goal blocks bay exit,42,2,fixed,bounded_search_exhausted,False,0,0,0.00014024999109096825,131,134,2,[],"{""horizons"": [40, 80], ""expansion_limit"": 30000, ""permutations"": 3}","[{""order"": [""A"", ""B""], ""horizon"": 40, ""status"": ""bounded_search_exhausted"", ""expanded"": 43, ""generated"": 44, ""elapsed"": 4.733301466330886e-05}, {""order"": [""A"", ""B""], ""horizon"": 80, ""status"": ""bounded_search_exhausted"", ""expanded"": 83, ""generated"": 84, ""elapsed"": 7.991600432433188e-05}]",,,,
diagnostic,goal blocks bay exit,42,2,cooperative,success,True,0,0,3.8291997043415904e-05,11,17,1,"[""B"", ""A""]","{""horizons"": [40, 80], ""expansion_limit"": 30000, ""permutations"": 3}","[{""order"": [""B"", ""A""], ""horizon"": 40, ""status"": ""success"", ""expanded"": 6, ""generated"": 11, ""elapsed"": 1.2959004379808903e-05}]",4,2,3,1
diagnostic,corridor swap no bypass,42,2,independent,unsafe,False,1,0,1.4208984794095159e-05,6,6,0,[],"{""horizons"": [40, 80], ""expansion_limit"": 30000, ""permutations"": 3}",[],4,2,4,0
diagnostic,corridor swap no bypass,42,2,fixed,bounded_search_exhausted,False,0,0,2.8750015189871192e-05,16,22,2,[],"{""horizons"": [40, 80], ""expansion_limit"": 30000, ""permutations"": 3}","[{""order"": [""A"", ""B""], ""horizon"": 40, ""status"": ""bounded_search_exhausted"", ""expanded"": 5, ""generated"": 8, ""elapsed"": 1.116600469686091e-05}, {""order"": [""A"", ""B""], ""horizon"": 80, ""status"": ""bounded_search_exhausted"", ""expanded"": 5, ""generated"": 8, ""elapsed"": 8.37500556372106e-06}]",,,,
diagnostic,corridor swap no bypass,42,2,cooperative,bounded_search_exhausted,False,0,0,5.208401125855744e-05,26,38,4,[],"{""horizons"": [40, 80], ""expansion_limit"": 30000, ""permutations"": 3}","[{""order"": [""A"", ""B""], ""horizon"": 40, ""status"": ""bounded_search_exhausted"", ""expanded"": 5, ""generated"": 8, ""elapsed"": 9.665993275120854e-06}, {""order"": [""B"", ""A""], ""horizon"": 40, ""status"": ""bounded_search_exhausted"", ""expanded"": 5, ""generated"": 8, ""elapsed"": 7.875001756474376e-06}, {""order"": [""A"", ""B""], ""horizon"": 80, ""status"": ""bounded_search_exhausted"", ""expanded"": 5, ""generated"": 8, ""elapsed"": 7.333001121878624e-06}, {""order"": [""B"", ""A""], ""horizon"": 80, ""status"": ""bounded_search_exhausted"", ""expanded"": 5, ""generated"": 8, ""elapsed"": 7.33401975594461e-06}]",,,,
diagnostic,shelf separates endpoints,42,1,independent,static_disconnection,False,0,0,4.792003892362118e-06,1,1,1,[],"{""horizons"": [40, 80], ""expansion_limit"": 30000, ""permutations"": 3}","[{""phase"": ""static_preflight"", ""robot"": ""A"", ""status"": ""static_disconnection"", ""expanded"": 1, ""generated"": 1, ""elapsed"": 4.292000085115433e-06}]",,,,
diagnostic,shelf separates endpoints,42,1,fixed,static_disconnection,False,0,0,4.417001036927104e-06,1,1,1,[],"{""horizons"": [40, 80], ""expansion_limit"": 30000, ""permutations"": 3}","[{""phase"": ""static_preflight"", ""robot"": ""A"", ""status"": ""static_disconnection"", ""expanded"": 1, ""generated"": 1, ""elapsed"": 4.083005478605628e-06}]",,,,
diagnostic,shelf separates endpoints,42,1,cooperative,static_disconnection,False,0,0,3.3329997677356005e-06,1,1,1,[],"{""horizons"": [40, 80], ""expansion_limit"": 30000, ""permutations"": 3}","[{""phase"": ""static_preflight"", ""robot"": ""A"", ""status"": ""static_disconnection"", ""expanded"": 1, ""generated"": 1, ""elapsed"": 3.082997864112258e-06}]",,,,
